-- Seed catalog data for DulceNube
-- Run after esquema_completo_es.sql

insert into public.categorias (id, nombre, slug, emoji, orden) values
  ('cat-pasteles', 'Pasteles', 'pasteles', '🍰', 0),
  ('cat-cupcakes-mini', 'Cupcakes y mini pasteles', 'cupcakes-y-mini-pasteles', '🧁', 1),
  ('cat-galletas', 'Galletas', 'galletas', '🍪', 2),
  ('cat-postres-individuales', 'Postres individuales', 'postres-individuales', '🍮', 3),
  ('cat-especiales-eventos', 'Especiales para eventos', 'especiales-para-eventos', '🎉', 4),
  ('cat-regalos-cajas', 'Regalos y cajas especiales', 'regalos-y-cajas-especiales', '🎁', 5),
  ('cat-temporada', 'Temporada', 'temporada', '🎄', 6)
on conflict (id) do update set nombre = excluded.nombre, slug = excluded.slug, emoji = excluded.emoji, orden = excluded.orden;

insert into public.subcategorias (id, categoria_id, nombre, slug, orden) values
  ('sub-pasteles-clasicos', 'cat-pasteles', 'Pasteles clasicos', 'pasteles-clasicos', 0),
  ('sub-pasteles-gourmet', 'cat-pasteles', 'Pasteles gourmet', 'pasteles-gourmet', 1),
  ('sub-pasteles-personalizados', 'cat-pasteles', 'Pasteles personalizados', 'pasteles-personalizados', 2),
  ('sub-pasteles-eventos', 'cat-pasteles', 'Pasteles para eventos', 'pasteles-para-eventos', 3),
  ('sub-pasteles-keto', 'cat-pasteles', 'Pasteles sin azucar / keto', 'pasteles-sin-azucar-keto', 4),
  ('sub-pasteles-veganos', 'cat-pasteles', 'Pasteles veganos', 'pasteles-veganos', 5),
  ('sub-cupcakes-clasicos', 'cat-cupcakes-mini', 'Cupcakes clasicos', 'cupcakes-clasicos', 6),
  ('sub-cupcakes-decorados', 'cat-cupcakes-mini', 'Cupcakes decorados', 'cupcakes-decorados', 7),
  ('sub-mini-cakes', 'cat-cupcakes-mini', 'Mini cakes', 'mini-cakes', 8),
  ('sub-cajas-surtidas', 'cat-cupcakes-mini', 'Cajas surtidas', 'cajas-surtidas', 9),
  ('sub-galletas-tradicionales', 'cat-galletas', 'Galletas tradicionales', 'galletas-tradicionales', 10),
  ('sub-galletas-decoradas', 'cat-galletas', 'Galletas decoradas', 'galletas-decoradas', 11),
  ('sub-galletas-personalizadas', 'cat-galletas', 'Galletas personalizadas', 'galletas-personalizadas', 12),
  ('sub-galletas-premium', 'cat-galletas', 'Galletas premium (almendra, pistache, etc.)', 'galletas-premium', 13),
  ('sub-cheesecake', 'cat-postres-individuales', 'Cheesecake', 'cheesecake', 14),
  ('sub-flan', 'cat-postres-individuales', 'Flan', 'flan', 15),
  ('sub-tiramisu', 'cat-postres-individuales', 'Tiramisu', 'tiramisu', 16),
  ('sub-brownies', 'cat-postres-individuales', 'Brownies', 'brownies', 17),
  ('sub-tartas', 'cat-postres-individuales', 'Tartas', 'tartas', 18),
  ('sub-mousse', 'cat-postres-individuales', 'Mousse', 'mousse', 19),
  ('sub-mesas-postres', 'cat-especiales-eventos', 'Mesas de postres', 'mesas-de-postres', 20),
  ('sub-pasteles-boda', 'cat-especiales-eventos', 'Pasteles de boda', 'pasteles-de-boda', 21),
  ('sub-pasteles-infantiles', 'cat-especiales-eventos', 'Pasteles infantiles', 'pasteles-infantiles', 22),
  ('sub-baby-shower', 'cat-especiales-eventos', 'Baby shower', 'baby-shower', 23),
  ('sub-corporativos', 'cat-especiales-eventos', 'Corporativos', 'corporativos', 24),
  ('sub-cajas-sorpresa', 'cat-regalos-cajas', 'Cajas sorpresa', 'cajas-sorpresa', 25),
  ('sub-desayunos-dulces', 'cat-regalos-cajas', 'Desayunos dulces', 'desayunos-dulces', 26),
  ('sub-cajas-temporada', 'cat-regalos-cajas', 'Cajas de temporada', 'cajas-de-temporada', 27),
  ('sub-ediciones-limitadas', 'cat-regalos-cajas', 'Ediciones limitadas', 'ediciones-limitadas', 28),
  ('sub-san-valentin', 'cat-temporada', 'San Valentin', 'san-valentin', 29),
  ('sub-dia-madres', 'cat-temporada', 'Dia de las Madres', 'dia-de-las-madres', 30),
  ('sub-navidad', 'cat-temporada', 'Navidad', 'navidad', 31),
  ('sub-halloween', 'cat-temporada', 'Halloween', 'halloween', 32),
  ('sub-dia-nino', 'cat-temporada', 'Dia del Nino', 'dia-del-nino', 33)
on conflict (id) do update set categoria_id = excluded.categoria_id, nombre = excluded.nombre, slug = excluded.slug, orden = excluded.orden;

insert into public.productos (id, sku, categoria_id, subcategoria_id, nombre, descripcion, precio, imagenes, porciones, etiquetas, dietas, destacado, disponible, horas_preparacion, activo) values
  ('prd-001', 'PA-CLA-001', 'cat-pasteles', 'sub-pasteles-clasicos', 'Pastel Tres Leches Tradicional', 'Bizcocho vainilla, remojo tres leches y crema batida ligera.', 520, '{"https://images.unsplash.com/photo-1578985545062-69928b1d9587?q=80&w=1200&auto=format&fit=crop"}'::text[], '10-12', '{"clasico","cumpleanos"}'::text[], '{}'::text[], true, true, 24, true),
  ('prd-002', 'PA-GOU-001', 'cat-pasteles', 'sub-pasteles-gourmet', 'Pastel Opera de Cafe', 'Capas de almendra, ganache oscuro y crema de cafe.', 780, '{"https://images.unsplash.com/photo-1621303837174-89787a7d4729?q=80&w=1200&auto=format&fit=crop"}'::text[], '12-14', '{"gourmet","chocolate"}'::text[], '{}'::text[], true, true, 48, true),
  ('prd-003', 'PA-PER-001', 'cat-pasteles', 'sub-pasteles-personalizados', 'Pastel Personalizado Tema Anime', 'Cobertura fondant con diseno y nombre personalizado.', 950, '{"https://images.unsplash.com/photo-1535254973040-607b474cb50d?q=80&w=1200&auto=format&fit=crop"}'::text[], '15-18', '{"personalizado","fondant"}'::text[], '{}'::text[], false, true, 72, true),
  ('prd-004', 'PA-EVE-001', 'cat-pasteles', 'sub-pasteles-eventos', 'Pastel Rectangular para 40 Personas', 'Pastel de vainilla o chocolate para fiestas y eventos grandes.', 1680, '{"https://images.unsplash.com/photo-1519869325930-281384150729?q=80&w=1200&auto=format&fit=crop"}'::text[], '35-40', '{"eventos","grande"}'::text[], '{}'::text[], false, true, 72, true),
  ('prd-005', 'PA-KET-001', 'cat-pasteles', 'sub-pasteles-keto', 'Pastel Keto de Chocolate', 'Sin azucar anadida, harina de almendra y endulzante monk fruit.', 840, '{"https://images.unsplash.com/photo-1549572189-dddb1adf739b?q=80&w=1200&auto=format&fit=crop"}'::text[], '8-10', '{"keto","sin azucar"}'::text[], '{"keto","sin-azucar"}'::text[], false, true, 48, true),
  ('prd-006', 'PA-VEG-001', 'cat-pasteles', 'sub-pasteles-veganos', 'Pastel Vegano de Zanahoria', 'Bizcocho de zanahoria con nuez y betun vegetal de vainilla.', 790, '{"https://images.unsplash.com/photo-1454944338482-a69bb95894af?q=80&w=1200&auto=format&fit=crop"}'::text[], '10-12', '{"vegano","zanahoria"}'::text[], '{"vegano"}'::text[], true, true, 48, true),
  ('prd-007', 'CU-CLA-001', 'cat-cupcakes-mini', 'sub-cupcakes-clasicos', 'Cupcake Vainilla Clasico', 'Caja con 6 cupcakes de vainilla con betun suave.', 180, '{"https://images.unsplash.com/photo-1509440159596-0249088772ff?q=80&w=1200&auto=format&fit=crop"}'::text[], '6 piezas', '{"clasico","vainilla"}'::text[], '{}'::text[], false, true, 12, true),
  ('prd-008', 'CU-DEC-001', 'cat-cupcakes-mini', 'sub-cupcakes-decorados', 'Cupcakes Decorados Arcoiris', 'Caja de 12 cupcakes con decoracion de manga pastelera y toppers.', 330, '{"https://images.unsplash.com/photo-1486427944299-d1955d23e34d?q=80&w=1200&auto=format&fit=crop"}'::text[], '12 piezas', '{"decorados","fiesta"}'::text[], '{}'::text[], true, true, 24, true),
  ('prd-009', 'CU-MIN-001', 'cat-cupcakes-mini', 'sub-mini-cakes', 'Mini Cake Red Velvet', 'Mini pastel individual de red velvet con queso crema.', 145, '{"https://images.unsplash.com/photo-1464306076886-da185f6a9d05?q=80&w=1200&auto=format&fit=crop"}'::text[], '1-2', '{"mini","red-velvet"}'::text[], '{}'::text[], false, true, 8, true),
  ('prd-010', 'CU-SUR-001', 'cat-cupcakes-mini', 'sub-cajas-surtidas', 'Caja Surtida Dulce Mix', 'Mix de cupcakes y mini cakes en presentacion premium.', 480, '{"https://images.unsplash.com/photo-1551024709-8f23befc6cf7?q=80&w=1200&auto=format&fit=crop"}'::text[], '16 piezas', '{"surtido","regalo"}'::text[], '{}'::text[], true, true, 24, true),
  ('prd-011', 'GA-TRA-001', 'cat-galletas', 'sub-galletas-tradicionales', 'Galletas Chispas de Chocolate', 'Docena de galletas tradicionales horneadas al dia.', 170, '{"https://images.unsplash.com/photo-1499636136210-6f4ee915583e?q=80&w=1200&auto=format&fit=crop"}'::text[], '12 piezas', '{"tradicional","chocolate"}'::text[], '{}'::text[], false, true, 8, true),
  ('prd-012', 'GA-DEC-001', 'cat-galletas', 'sub-galletas-decoradas', 'Galletas Decoradas Flores', 'Galletas de mantequilla decoradas con royal icing.', 260, '{"https://images.unsplash.com/photo-1558961363-fa8fdf82db35?q=80&w=1200&auto=format&fit=crop"}'::text[], '10 piezas', '{"decoradas","royal-icing"}'::text[], '{}'::text[], false, true, 24, true),
  ('prd-013', 'GA-PER-001', 'cat-galletas', 'sub-galletas-personalizadas', 'Galletas con Nombre Personalizado', 'Paquete personalizado para recuerdos y eventos.', 320, '{"https://images.unsplash.com/photo-1607920591413-4ec007e70023?q=80&w=1200&auto=format&fit=crop"}'::text[], '12 piezas', '{"personalizadas","eventos"}'::text[], '{}'::text[], false, true, 48, true),
  ('prd-014', 'GA-PRE-001', 'cat-galletas', 'sub-galletas-premium', 'Galletas Premium Pistache', 'Receta premium con pasta de pistache y chocolate blanco.', 360, '{"https://images.unsplash.com/photo-1590080875973-123f5fc294a2?q=80&w=1200&auto=format&fit=crop"}'::text[], '12 piezas', '{"premium","pistache"}'::text[], '{}'::text[], true, true, 24, true),
  ('prd-015', 'PO-CHS-001', 'cat-postres-individuales', 'sub-cheesecake', 'Cheesecake Frutos Rojos', 'Rebanada individual de cheesecake horneado con coulis.', 98, '{"https://images.unsplash.com/photo-1533134242443-d4fd215305ad?q=80&w=1200&auto=format&fit=crop"}'::text[], '1 pieza', '{"cheesecake","individual"}'::text[], '{}'::text[], false, true, 4, true),
  ('prd-016', 'PO-FLA-001', 'cat-postres-individuales', 'sub-flan', 'Flan Napolitano Individual', 'Flan cremoso con caramelo casero.', 72, '{"https://images.unsplash.com/photo-1616684000067-36952fde56ec?q=80&w=1200&auto=format&fit=crop"}'::text[], '1 pieza', '{"flan","clasico"}'::text[], '{}'::text[], false, true, 4, true),
  ('prd-017', 'PO-TIR-001', 'cat-postres-individuales', 'sub-tiramisu', 'Tiramisu Artesanal', 'Vaso individual con cafe espresso y mascarpone.', 110, '{"https://images.unsplash.com/photo-1571877227200-a0d98ea607e9?q=80&w=1200&auto=format&fit=crop"}'::text[], '1 pieza', '{"tiramisu","cafe"}'::text[], '{}'::text[], false, true, 6, true),
  ('prd-018', 'PO-BRO-001', 'cat-postres-individuales', 'sub-brownies', 'Brownie Doble Chocolate', 'Brownie humedo con nuez y chispas de chocolate.', 65, '{"https://images.unsplash.com/photo-1606313564200-e75d5e30476c?q=80&w=1200&auto=format&fit=crop"}'::text[], '1 pieza', '{"brownie","chocolate"}'::text[], '{}'::text[], true, true, 3, true),
  ('prd-019', 'PO-TAR-001', 'cat-postres-individuales', 'sub-tartas', 'Tarta de Limon Individual', 'Base crujiente con crema de limon y merengue.', 89, '{"https://images.unsplash.com/photo-1464306076886-da185f6a9d05?q=80&w=1200&auto=format&fit=crop"}'::text[], '1 pieza', '{"tarta","limon"}'::text[], '{}'::text[], false, true, 6, true),
  ('prd-020', 'PO-MOU-001', 'cat-postres-individuales', 'sub-mousse', 'Mousse de Chocolate Belga', 'Mousse aireado con cacao 70% y topping de avellana.', 95, '{"https://images.unsplash.com/photo-1488477181946-6428a0291777?q=80&w=1200&auto=format&fit=crop"}'::text[], '1 pieza', '{"mousse","premium"}'::text[], '{}'::text[], false, true, 5, true),
  ('prd-021', 'EV-MES-001', 'cat-especiales-eventos', 'sub-mesas-postres', 'Mesa de Postres Basica (30 personas)', 'Incluye brownies, mini tartas, galletas y decoracion basica.', 3900, '{"https://images.unsplash.com/photo-1464349153735-7db50ed83c84?q=80&w=1200&auto=format&fit=crop"}'::text[], '30 personas', '{"mesa","evento"}'::text[], '{}'::text[], true, true, 96, true),
  ('prd-022', 'EV-BOD-001', 'cat-especiales-eventos', 'sub-pasteles-boda', 'Pastel de Boda Elegance', 'Pastel de 3 niveles con acabados en buttercream italiano.', 6200, '{"https://images.unsplash.com/photo-1535254973040-607b474cb50d?q=80&w=1200&auto=format&fit=crop"}'::text[], '60 personas', '{"boda","premium"}'::text[], '{}'::text[], true, true, 120, true),
  ('prd-023', 'EV-INF-001', 'cat-especiales-eventos', 'sub-pasteles-infantiles', 'Pastel Infantil Aventuras', 'Tema infantil con figuras comestibles y colores vibrantes.', 1400, '{"https://images.unsplash.com/photo-1519869325930-281384150729?q=80&w=1200&auto=format&fit=crop"}'::text[], '20 personas', '{"infantil","cumpleanos"}'::text[], '{}'::text[], false, true, 72, true),
  ('prd-024', 'EV-BAB-001', 'cat-especiales-eventos', 'sub-baby-shower', 'Kit Baby Shower Dulce', 'Incluye mini pastel, cupcakes y galletas tematicas.', 2100, '{"https://images.unsplash.com/photo-1559620192-032c4bc4674e?q=80&w=1200&auto=format&fit=crop"}'::text[], '25 personas', '{"baby-shower","kit"}'::text[], '{}'::text[], false, true, 96, true),
  ('prd-025', 'EV-COR-001', 'cat-especiales-eventos', 'sub-corporativos', 'Box Corporativa Branding', 'Cajas de postres con personalizacion de marca para empresas.', 2800, '{"https://images.unsplash.com/photo-1517248135467-4c7edcad34c4?q=80&w=1200&auto=format&fit=crop"}'::text[], '20 cajas', '{"corporativo","branding"}'::text[], '{}'::text[], false, true, 120, true),
  ('prd-026', 'RG-SOR-001', 'cat-regalos-cajas', 'sub-cajas-sorpresa', 'Caja Sorpresa DulceNube', 'Seleccion sorpresa de minis, galletas y chocolates.', 520, '{"https://images.unsplash.com/photo-1549465220-1a8b9238cd48?q=80&w=1200&auto=format&fit=crop"}'::text[], '1 caja', '{"regalo","sorpresa"}'::text[], '{}'::text[], true, true, 24, true),
  ('prd-027', 'RG-DES-001', 'cat-regalos-cajas', 'sub-desayunos-dulces', 'Desayuno Dulce Premium', 'Incluye mini panaderia dulce, fruta, jugo y postre.', 640, '{"https://images.unsplash.com/photo-1504754524776-8f4f37790ca0?q=80&w=1200&auto=format&fit=crop"}'::text[], '1 caja', '{"desayuno","regalo"}'::text[], '{}'::text[], true, true, 18, true),
  ('prd-028', 'RG-TEM-001', 'cat-regalos-cajas', 'sub-cajas-temporada', 'Caja de Temporada Otono', 'Productos de temporada con sabores canela y calabaza.', 560, '{"https://images.unsplash.com/photo-1603532648955-039310d9ed75?q=80&w=1200&auto=format&fit=crop"}'::text[], '1 caja', '{"temporada","otono"}'::text[], '{}'::text[], false, true, 24, true),
  ('prd-029', 'RG-LIM-001', 'cat-regalos-cajas', 'sub-ediciones-limitadas', 'Edicion Limitada Chef Invitado', 'Coleccion mensual de postres de autor, cupo limitado.', 890, '{"https://images.unsplash.com/photo-1464347744102-11db6282f854?q=80&w=1200&auto=format&fit=crop"}'::text[], '1 caja', '{"limitada","chef"}'::text[], '{}'::text[], true, true, 48, true),
  ('prd-030', 'TE-VAL-001', 'cat-temporada', 'sub-san-valentin', 'Caja San Valentin Corazon', 'Fresas cubiertas y mini postres en tonos rojos.', 690, '{"https://images.unsplash.com/photo-1519864600265-abb23847ef2c?q=80&w=1200&auto=format&fit=crop"}'::text[], '1 caja', '{"san-valentin","romantico"}'::text[], '{}'::text[], true, true, 24, true),
  ('prd-031', 'TE-MAD-001', 'cat-temporada', 'sub-dia-madres', 'Pastel Dia de las Madres Floral', 'Pastel especial con decoracion floral comestible.', 850, '{"https://images.unsplash.com/photo-1562440499-64c9a111f713?q=80&w=1200&auto=format&fit=crop"}'::text[], '12 personas', '{"dia-madres","floral"}'::text[], '{}'::text[], true, true, 48, true),
  ('prd-032', 'TE-NAV-001', 'cat-temporada', 'sub-navidad', 'Tronco Navideno Chocolate', 'Tronco clasico con ganache y decoracion navidena.', 780, '{"https://images.unsplash.com/photo-1541599540903-216a46ca1dc0?q=80&w=1200&auto=format&fit=crop"}'::text[], '10 personas', '{"navidad","temporada"}'::text[], '{}'::text[], true, true, 48, true),
  ('prd-033', 'TE-HAL-001', 'cat-temporada', 'sub-halloween', 'Cupcakes Halloween Monster', 'Caja tematica de 12 cupcakes con decoracion de halloween.', 360, '{"https://images.unsplash.com/photo-1509440159596-0249088772ff?q=80&w=1200&auto=format&fit=crop"}'::text[], '12 piezas', '{"halloween","decorados"}'::text[], '{}'::text[], false, true, 24, true),
  ('prd-034', 'TE-NIN-001', 'cat-temporada', 'sub-dia-nino', 'Caja Dia del Nino Fiesta', 'Mix divertido de mini postres con toppings coloridos.', 430, '{"https://images.unsplash.com/photo-1464306076886-da185f6a9d05?q=80&w=1200&auto=format&fit=crop"}'::text[], '1 caja', '{"dia-del-nino","fiesta"}'::text[], '{}'::text[], false, true, 24, true)
on conflict (id) do update set sku = excluded.sku, categoria_id = excluded.categoria_id, subcategoria_id = excluded.subcategoria_id, nombre = excluded.nombre, descripcion = excluded.descripcion, precio = excluded.precio, imagenes = excluded.imagenes, porciones = excluded.porciones, etiquetas = excluded.etiquetas, dietas = excluded.dietas, destacado = excluded.destacado, disponible = excluded.disponible, horas_preparacion = excluded.horas_preparacion, activo = excluded.activo;


